SerialNumber,NewName
J6DHWTLGJD,LSPKA-01
H96G20X5Q1GC,LSKA-01
H99G4FKGQ1GC,LS1A-01
J2M9C2NQ4X,LS2A-01
M457LTL0DN,LSPKB-01
KXFJ97W1TD,LSKB-01
H99G4STEQ1GC,LS1B-01
LJWR4LPJ44,LS2B-01
FY4V67524J,LSPKC-01
H99G40D5Q1GC,LSKC-01
CM9RC73RR0,LS1C-01
MMWGWLMQ27,LS2C-01
HGWC56PG70,LSPKA-02
H99G4E8DQ1GC,LSKA-02
H99G4HGQQ1GC,LS1A-02
GY06CV22CC,LS2A-02
G0VVT67XCW,LSPKB-02
D1QWG97901,LSKB-02
H99G4D4ZQ1GC,LS1B-02
D2F5FVPQ6T,LS2B-02
DM2R17DXJ9,LSPKC-02
H98G4MGWQ1GC,LSKC-02
F19RMVVJ21,LS1C-02
LVY6D3P7GC,LS2C-02
LGJY6L4QHD,LSPKA-03
H99G4JZ5Q1GC,LSKA-03
H99G4EN5Q1GC,LS1A-03
LTVW7J5W20,LS2A-03
KJX7KJ96XP,LSPKB-03
C3943C42MR,LSKB-03
H99G4FD6Q1GC,LS1B-03
L7KMLVVGPX,LS2B-03
JRV4CK7C4V,LSPKC-03
MV04C16VG6,LSKC-03
FJ6GG3XPF0,LS1C-03
L6LW71RW7J,LS2C-03
HKGH9JD75V,LSPKA-04
H99G4MASQ1GC,LSKA-04
H99G4KL4Q1GC,LS1A-04
CVP9599QJP,LS2A-04
L36W5D946X,LSPKB-04
K3495RFGVX,LSKB-04
H99G4K4PQ1GC,LS1B-04
CWCP4230J0,LS2B-04
FVYC6XJDGV,LSPKC-04
J06XN429N5,LSKC-04
F717PJGKXV,LS1C-04
DJVMKHQDH0,LS2C-04
HYG52CH45D,LSPKA-05
H99G4CVBQ1GC,LSKA-05
H99G4EQWQ1GC,LS1A-05
CX34RR077G,LS2A-05
FR70NP432Q,LSPKB-05
MQYXJ6FC3W,LSKB-05
H98G4LJUQ1GC,LS1B-05
HW2RGHXFQG,LS2B-05
JQH19R7LLF,LSPKC-05
H99G507KQ1GC,LSKC-05
LQN77XTW99,LS1C-05
L4TP22H5PW,LS2C-05
DQ5K6WC9M9,LSPKA-06
H99G4K2WQ1GC,LSKA-06
H99G4GY0Q1GC,LS1A-06
KXDT2XN7TM,LS2A-06
DMK62HJTQ2,LSPKB-06
F9TM4FGPCJ,LSKB-06
H99G4FAYQ1GC,LS1B-06
L6YX9TF9L5,LS2B-06
LQNFDK9920,LSPKC-06
H99G4K7NQ1GC,LSKC-06
H0G9470TNF,LS1C-06
GDHFLWTV27,LS2C-06
DG79HN4JVQ,LSPKA-07
FFLKN0UJQ1GC,LSKA-07
H99G4LYNQ1GC,LS1A-07
JLXD7F77H1,LS2A-07
HQR075MF7G,LSPKB-07
GRH2W53JH6,LSKB-07
H98G4Q6QQ1GC,LS1B-07
C25DX6MC9W,LS2B-07
F7V4KFC4LT,LSPKC-07
H99G417SQ1GC,LSKC-07
F3D4M6HVWC,LS1C-07
CH41D452KH,LS2C-07
K9M2NHVQP5,LSPKA-08
H99G4NLEQ1GC,LSKA-08
H98G4WBKQ1GC,LS1A-08
PH7LTP65VH,LS2A-08
L6FDY31QMN,LSPKB-08
MVH0XR9MH9,LSKB-08
H99G4PTKQ1GC,LS1B-08
D7GQ644TXP,LS2B-08
C9G4PVDGCP,LSPKC-08
H96G22QMQ1GC,LSKC-08
JYX6H6GGHL,LS1C-08
JCJ241TFVL,LS2C-08
FWY2KY9RG9,LSPKA-09
H99G4FDUQ1GC,LSKA-09
H99G4BGHQ1GC,LS1A-09
H9KPV6Y26H,LS2A-09
KGGFXQY6CJ,LSPKB-09
KT60TYXXH9,LSKB-09
H99G44WVQ1GC,LS1B-09
JP7V3NPYFT,LS2B-09
C3RF7QXMVN,LSPKC-09
H99G4KXAQ1GC,LSKC-09
KT9LL42F41,LS1C-09
L7Y4JFHX2D,LS2C-09
GF9097D294,LSPKA-10
H99G49B7Q1GC,LSKA-10
H99G4QK9Q1GC,LS1A-10
LGFW334QRP,LS2A-10
HK22T9P7MP,LSPKB-10
FJ4G3WYRQ7,LSKB-10
H98G39KMQ1GC,LS1B-10
GN7F4DV7C5,LS2B-10
LW2TQN0V6W,LSPKC-10
H99G4QF9Q1GC,LSKC-10
L7WWYHP7K0,LS1C-10
DKCF7DY7FF,LS2C-10
GM4M120QX7,LSPKA-11
H99G4ABNQ1GC,LSKA-11
H99G4KGJQ1GC,LS1A-11
GKPYFMM9JG,LS2A-11
M4Q61GV9LC,LSPKB-11
M2KWQ9VG75,LSKB-11
H99G46X3Q1GC,LS1B-11
F6MYNW2V62,LS2B-11
LGFVC6Q54M,LSPKC-11
H98G4XH4Q1GC,LSKC-11
L39XR24FWD,LS1C-11
MMXY5F7NHW,LS2C-11
JK9W209CT6,LSPKA-12
D46VG927D0,LSKA-12
H99G4D9FQ1GC,LS1A-12
MQC7RM6C4P,LS2A-12
DVJF2VJCY6,LSPKB-12
H9NK2T1914,LSKB-12
H99G49NKQ1GC,LS1B-12
D24LPD2J9N,LS2B-12
C6NDQWM00F,LSPKC-12
G43VXWFM71,LSKC-12
MFD6NHPX2M,LS1C-12
ML4D4P7GP6,LS2C-12
DTD467D7Q9,LSPKA-13
H99G49HPQ1GC,LSKA-13
H99G4LG2Q1GC,LS1A-13
MVYGG6FTJR,LS2A-13
GYGPP652LX,LSPKB-13
G70NTYT6DK,LSKB-13
H99G4J0DQ1GC,LS1B-13
D6H4GPYF0Q,LS2B-13
FWYC90R56L,LSPKC-13
M0JM9NWDTW,LSKC-13
FQ6LW34VK1,LS1C-13
GPGQ7LW6KY,LS2C-13
L063Y02KFK,LSPKA-14
H99G4LFYQ1GC,LSKA-14
H98G4H8YQ1GC,LS1A-14
HY5D9WG0XR,LS2A-14
FTGV621LP6,LSPKB-14
GX6LV6X3X1,LSKB-14
H99G4DFNQ1GC,LS1B-14
L67F566HW6,LS2B-14
CR9K2H2JKN,LSPKC-14
M7RMFP7XQ1,LSKC-14
GG9D49PVYD,LS1C-14
MR74Y1FJ49,LS2C-14
MG34LTCN74,LSPKA-15
F52374G961,LSKA-15
H99G4KQ8Q1GC,LS1A-15
FKFF9XN7R5,LS2A-15
JL2H97YC4C,LSPKB-15
C265QY5L7Y,LSKB-15
F6QPR04NQ1GC,LS1B-15
L29JPF6CVN,LS2B-15
F6QNW2DGYH,LSPKC-15
D57GLQC4MX,LSKC-15
K6KY2H7T2Y,LS1C-15
GG3WH9J6G4,LS2C-15
KR6MHG0GPT,LSPKA-16
H99G44WTQ1GC,LSKA-16
H99G4DAKQ1GC,LS1A-16
D5J4JYG26F,LS2A-16
GH4GP7N49W,LSPKB-16
MJ46KXHFR4,LSKB-16
H99G4JDSQ1GC,LS1B-16
JG2F9CH9XM,LS2B-16
FD21WMG721,LSPKC-16
J067FF7FQH,LSKC-16
CVYQF6PTJL,LS1C-16
K77CDGQ9NW,LS2C-16
L7RHW077CG,LSPKA-17
MXD67QV4FF,LSKA-17
H99G4R8MQ1GC,LS1A-17
DGYCD9HKGH,LS2A-17
D7W2T7946H,LSPKB-17
D2VQ41HX7W,LSKB-17
H99G4FPKQ1GC,LS1B-17
L2WK27TJG4,LS2B-17
LT7P7G9X73,LSPKC-17
F6106WXX05,LSKC-17
H32964377Q,LS1C-17
JH34NDQD29,LS2C-17
F69G03FKP6,LSKA-18
H99G4HYKQ1GC,LS1A-18
FP73RQP9XX,LS2A-18
K736NWLG7M,LSKB-18
H99G4JCSQ1GC,LS1B-18
KVFK7XGQJD,LS2B-18
C575624VK4,LSKC-18
M3W2144FFX,LS1C-18
KW67P09WH5,LS2C-18
H3J6C30X39,LSKA-19
D7TXHMX7JL,LS1A-19
J7PPWG7FN2,LS2A-19
HNJK79YFVV,LSKB-19
H99G4KSLQ1GC,LS1B-19
HL7607HW5T,LS2B-19
H4QFFQYW77,LSKC-19
MJJMYX4493,LS1C-19
KY0GWV76Q5,LS2C-19
CP71546LWV,LSKA-20
H96G25VVQ1GC,LS1A-20
G7GJ79N621,LS2A-20
D959K43YR9,LSKB-20
HYVC6XVK1W,LS1B-20
MGHR6J1QCF,LS2B-20
H99G4CKMQ1GC,LSKC-20
GG8D2GJMMF3M,LS1C-20
L2F7G79J9R,LS2C-20
D0C2JNYHKK,LSKA-21
H99G4AE7Q1GC,LS1A-21
GHP9CWVWJW,LS2A-21
LJ95P4D33T,LSKB-21
GG7D3839MF3M,LS1B-21
CQWF2W5GFV,LS2B-21
GG7D38UMMF3M,LSKC-21
CDWK6DGQJQ,LS1C-21
JW3M4GPQL2,LS2C-21
MPVP7TKPM9,LSKA-22
H99G4T08Q1GC,LS1A-22
D9X0GPVTVV,LS2A-22
M2P7YK3VGP,LSKB-22
FFLGM180MF3M,LS1B-22
GG8D2HL5MF3M,LS2B-22
H99G4JDLQ1GC,LSKC-22
GXVGX4K3RP,LS1C-22
C4P6JKQ0JM,LS2C-22
GG8D2GNHMF3M,LSKA-23
GG8D28HEMF3M,LS1A-23
GG8D2HTEMF3M,LS2A-23
LMXK7W03F7,LSKB-23
GG8D28QDMF3M,LS1B-23
F6XTXT0FJF,LSKC-23
GG8D2E9SMF3M,LS1C-23
GG8D2KA2MF3M,LS2C-23
